Stock Analysis Report - March 25 2026,,,,,,,,,,,,,,,,,,,,,,,,

SUMMARY TABLE,,,,,,,,,,,,,,,,,,,,,,,,
Symbol,Category,Sector,LTP,Today %,Volume,AI Signal,Score,RSI,MACD,BB%,Entry Low,Entry High,SL,T1,T2,Upside T1%,Upside T2%,Risk SL%,R:R,Zone,50d Trend%,ATR%,Verdict,Action Plan
CONFIDCEM,A,,64.2,+0.78%,"766,439",BUY on pullback,33.2,57.7,Converging,0.60,62.0,63.5,58.5,69.0,70.3,+7.5%,+9.5%,-8.9%,1.3,NEAR,+33.5%,4.96%,BUY on dip to 63,"Buy at 63-63.5. SL 58.5. T1 69 sell half. Institutional buying (572K vol yesterday). CMF positive."
LANKABAFIN,A,Engineering,15.4,0%,"1,566,668",HOLD/WAIT,33.2,55.6,Converging,0.50,14.0,14.4,13.5,16.0,16.5,+3.9%,+7.1%,-12.3%,1.3,ABOVE (+6.9%),+27%,5.9%,WAIT for pullback,"Needs to drop to 14.5. Good score but too far above entry. High volume = active."
KBPPWBIL,A,,49.4,+0.41%,"1,848,097",HOLD/WAIT,25.4,52.2,Bearish,0.53,47.5,49.0,45.0,54.5,57.0,+10.3%,+15.4%,-8.9%,1.2,IN_ZONE,+8%,5.21%,BUY — in zone,"Buy at 49. Fast mover (5.2% ATR). SL 45. T1 54.5 sell half. High volume 1.8M."
SPCL,A,,49.2,+2.29%,"740,217",HOLD/WAIT,14.2,52.4,Converging,0.49,46.5,47.5,44.5,51.0,53.3,+3.7%,+8.3%,-9.6%,1.2,ABOVE (+3.6%),+7%,3.51%,WAIT,"Needs pullback to 47-48. Slow mover (3.5% ATR). Not urgent."
DELTALIFE,A,Financial,72.6,+3.71%,"170,143",HOLD/WAIT,5.3,47.9,Converging,0.36,67.5,69.0,65.5,76.0,78.5,+4.7%,+8.1%,-9.8%,1.2,ABOVE (+5.2%),+6.8%,3.48%,WAIT,"Life insurance. Needs drop to 69. Low score. Not halal for Sourav."
DOREENPWR,A,Miscellaneous,26.9,+1.51%,"293,404",HOLD/WAIT,4.6,46.0,Converging,0.34,25.0,26.0,24.4,28.0,29.5,+4.1%,+9.7%,-9.3%,1.3,ABOVE (+3.5%),–3.2%,3.81%,WAIT,"Needs drop to 25.5-26. RSI neutral. Negative 50d trend — downtrend."
KDSALTD,A,Miscellaneous,40.1,+1.52%,"206,089",BUY on pullback,2.7,47.4,Converging,0.38,38.5,39.5,37.0,41.2,43.0,+2.7%,+7.2%,-7.7%,1.2,ABOVE (+1.5%),-1.7%,3.23%,WATCH,"Was in zone yesterday (39.8). Moved above. Low score but B/A was 3.20x. Re-enter at 39.5."
IPDC,A,Financial,19.2,0%,"1,285,439",HOLD/WAIT,-3.8,47.5,Bearish,0.34,18.3,18.8,17.9,20.3,21.3,+5.7%,+10.9%,-6.8%,1.2,ABOVE (+2.1%),+2.6%,3.48%,WAIT,"Financial institution (NOT halal). Needs drop to 19. B/A was 2.22x. For Shusmoy."
MJLBD,A,Real Estate,89.3,-0.11%,"26,833",HOLD/WAIT,-8.3,49.8,Bearish,0.39,88.0,88.5,86.5,93.0,94.5,+4.1%,+5.8%,-3.1%,1.2,ABOVE (+0.9%),+3.6%,2.1%,SKIP,"Negative score. Extremely thin volume (27K). 2.1% ATR = slowest stock. Not worth it."
UPGDCL,A,Fuel & Power,119.3,+0.59%,"6,552",HOLD/WAIT,-11.0,47.4,Bearish,0.35,114.0,116.0,110.5,122.0,126.0,+2.3%,+5.6%,-7.4%,1.2,ABOVE (+2.8%),+3.8%,3.43%,SKIP,"Negative score (-11). Only 6,552 shares traded. Cannot enter/exit. Bearish MACD."

,,,,,,,,,,,,,,,,,,,,,,,,
PRICE HISTORY (March 2026),,,,,,,,,,,,,,,,,,,,,,,,
Date,CONFIDCEM,,DELTALIFE,,DOREENPWR,,IPDC,,KBPPWBIL,,KDSALTD,,LANKABAFIN,,MJLBD,,SPCL,,UPGDCL,
,Price,Vol,Price,Vol,Price,Vol,Price,Vol,Price,Vol,Price,Vol,Price,Vol,Price,Vol,Price,Vol,Price,Vol
Mar-01,68.4,"640,899",73.7,"108,754",28.1,"441,503",19.8,"1,562,322",55.1,"5,052,661",41.6,"423,732",15.0,"1,362,221",92.3,"179,372",49.2,"926,929",123.0,"41,895"
Mar-03,63.1,"572,194",70.4,"119,594",26.6,"556,544",19.9,"2,189,941",51.7,"3,566,967",40.0,"338,989",15.8,"4,365,518",90.0,"137,410",46.6,"886,543",118.2,"46,174"
Mar-08,59.9,"417,881",67.7,"66,924",24.9,"292,458",18.3,"1,217,108",47.4,"2,670,959",37.5,"180,727",14.4,"2,199,929",88.4,"114,037",45.5,"951,203",112.7,"65,150"
Mar-12,65.7,"434,536",72.1,"46,022",27.0,"464,770",19.5,"1,060,705",51.4,"2,657,840",40.2,"182,364",15.5,"1,141,834",91.3,"35,079",49.2,"712,376",119.7,"14,232"
Mar-16,64.0,"224,649",71.2,"20,925",26.8,"176,728",19.4,"705,382",50.5,"2,359,107",39.9,"154,117",15.8,"1,368,108",91.3,"27,162",48.0,"495,454",121.5,"15,453"
Mar-24,63.9,"80,017",70.7,"23,602",26.6,"111,500",19.5,"355,794",50.0,"1,124,769",39.5,"73,763",15.5,"493,934",89.8,"27,699",48.4,"184,680",120.7,"6,061"
Mar-25,64.2,"766,439",72.6,"170,143",26.9,"293,404",19.2,"1,285,439",49.4,"1,848,097",40.1,"206,089",15.4,"1,566,668",89.3,"26,833",49.2,"740,217",119.3,"6,552"

,,,,,,,,,,,,,,,,,,,,,,,,
RANKING — WHO TO BUY,,,,,,,,,,,,,,,,,,,,,,,,
Rank,Stock,For Who,LTP,Zone Status,Score,Key Signal,Risk Level,Action
1,CONFIDCEM,Sourav (halal),64.2,NEAR zone,33.2,"BUY signal + CMF positive + institutional volume",MEDIUM,"Buy at 63-63.5 on pullback"
2,KBPPWBIL,Both,49.4,IN ZONE,25.4,"In zone + fast mover + 1.8M volume",MEDIUM,"Buy now at 49. SL 45"
3,KDSALTD,Sourav (halal),40.1,NEAR zone,2.7,"B/A 3.20x yesterday + converging MACD",LOW,"Re-enter at 39.5"
4,IPDC,Shusmoy only,19.2,NEAR zone,-3.8,"B/A 2.22x + 1.3M volume + approaching zone",MEDIUM,"Buy at 19.0. NOT halal"
5,DELTALIFE,Shusmoy only,72.6,ABOVE (+5.2%),5.3,"Life insurance + converging",LOW,"Wait for 69-70. NOT halal"
6,LANKABAFIN,Shusmoy only,15.4,ABOVE (+6.9%),33.2,"High score but far from entry",LOW,"Wait for 14.5. NOT halal"
7,DOREENPWR,Both,26.9,ABOVE (+3.5%),4.6,"Needs more pullback",LOW,"Wait for 25.5-26"
8,SPCL,Both,49.2,ABOVE (+3.6%),14.2,"Slow mover + needs pullback",LOW,"Wait for 47-48"
9,MJLBD,SKIP,89.3,ABOVE,"-8.3","Negative score + thin volume + slow",HIGH,SKIP
10,UPGDCL,SKIP,119.3,ABOVE,"-11.0","Negative score + 6K volume + bearish",HIGH,SKIP
